symbol,name,asset_class,sector,theme,stage,conviction,tags,watchlists,thesis
AAPL,Apple,Equity,Technology,Mega-cap,watching,3,mega-cap,"Research, Core",Waiting for a pullback toward the 200-day before adding.
AMD,Advanced Micro Devices,Equity,Technology,AI compute,watching,3,"AI, semis","Research, AI Infrastructure",MI-series share gains vs. valuation — needs proof in DC revenue.
AVGO,Broadcom,Equity,Technology,AI compute,research,,"",Research,""
BE,Bloom Energy,Equity,Industrials,AI infrastructure,research,,"",Research,""
BFLY,Butterfly Network,Equity,Healthcare,Health tech,research,,"",Research,""
CBRS,Cerebras Systems,Equity,Technology,AI compute,research,,"",Research,""
CRM,Salesforce,Equity,Technology,Software,research,,"",Research,""
DRAM,Roundhill Memory ETF,ETF,Fund,Memory,benchmark,,"",Market tape,""
FSLY,Fastly,Equity,Technology,Software,research,,"",Research,""
GOOGL,Alphabet,Equity,Communication Services,Mega-cap,research,,"",Research,""
INTC,Intel,Equity,Technology,Semis,research,,"",Research,""
IREN,IREN,Equity,Financial Services,AI infrastructure,research,,"",Research,""
IWM,iShares Russell 2000 ETF,ETF,Fund,Index,benchmark,,"",Market tape,""
META,Meta,Equity,Communication Services,Mega-cap,research,,"",Research,""
MRVL,Marvell Technology,Equity,Technology,AI compute,research,,"",Research,""
MSTR,Strategy,Equity,Technology,Bitcoin,research,,"",Research,""
MU,Micron Technology,Equity,Technology,Memory,research,,"",Research,""
NBIS,Nebius Group,Equity,Communication Services,AI infrastructure,research,,"",Research,""
NET,Cloudflare,Equity,Technology,Software,research,,"",Research,""
NVDA,Nvidia,Equity,Technology,AI compute,position,4,"AI, semis","Research, Core, AI Infrastructure",Data-center capex cycle still accelerating; Rubin ramp is the next leg.
PLTR,Palantir,Equity,Technology,Software,research,,"",Research,""
QCOM,Qualcomm,Equity,Technology,Semis,research,,"",Research,""
QQQ,Invesco QQQ Trust,ETF,Fund,Index,benchmark,,"",Market tape,""
SKHY,SK hynix ADR,Equity,Technology,Memory,research,,"",Research,""
SMH,VanEck Semiconductor ETF,ETF,Fund,Semis,benchmark,,"",Market tape,""
SNDK,Sandisk,Equity,Technology,Memory,research,,"",Research,""
SNOW,Snowflake,Equity,Technology,Software,research,,"",Research,""
SPCX,SpaceX,Equity,Industrials,Space,research,,"",Research,""
SPY,SPDR S&P 500 ETF,ETF,Fund,Index,benchmark,,"",Market tape,""
TSLA,Tesla,Equity,Consumer Cyclical,Mega-cap,research,2,"EV, robotaxi",Research,""
TTWO,Take-Two Interactive,Equity,Communication Services,Gaming,research,,"",Research,""
TWST,Twist Bioscience,Equity,Healthcare,Health tech,research,,"",Research,""
UVIX,2x Long VIX Futures ETF,ETF,Fund,Volatility,benchmark,,"",Market tape,""
